{
    "parent": "item/handheld",
    "textures": {
     "layer0": "item/warped_fungus_on_a_stick"
    },
   
    "overrides": [
     { "predicate": {"custom_model_data": 1}, "model": "item/custom/thrusterboat"},
     { "predicate": {"custom_model_data": 2}, "model": "item/custom/gravitybomb"},
     { "predicate": {"custom_model_data": 3}, "model": "item/custom/gravitybomb_transition"},
     { "predicate": {"custom_model_data": 4}, "model": "item/custom/gravitybomb_final"},
     { "predicate": {"custom_model_data": 5}, "model": "item/custom/hyperion"},
     { "predicate": {"custom_model_data": 1001}, "model": "item/custom/gravitybomb_s1"},
     { "predicate": {"custom_model_data": 1002}, "model": "item/custom/gravitybomb_s2"},
     { "predicate": {"custom_model_data": 1003}, "model": "item/custom/gravitybomb_s3"},
     { "predicate": {"custom_model_data": 1004}, "model": "item/custom/gravitybomb_s4"},
     { "predicate": {"custom_model_data": 1005}, "model": "item/custom/gravitybomb_s5"}
    ]
   
    
   }