{
	"credit": "Made with Blockbench",
	"texture_size": [128, 128],
	"textures": {
		"4": "item/gravitybomb4",
		"particle": "item/gravitybomb2"
	},
	"elements": [
		{
			"from": [4, 7, 3],
			"to": [14, 12, 13],
			"faces": {
				"north": {"uv": [7.5, 7.25, 8.75, 7.875], "texture": "#4"},
				"east": {"uv": [0, 7.625, 1.25, 8.25], "texture": "#4"},
				"south": {"uv": [1.25, 7.625, 2.5, 8.25], "texture": "#4"},
				"west": {"uv": [2.5, 7.75, 3.75, 8.375], "texture": "#4"},
				"up": {"uv": [5.75, 2.75, 4.5, 1.5], "texture": "#4"},
				"down": {"uv": [5.75, 2.75, 4.5, 4], "texture": "#4"}
			}
		},
		{
			"from": [5, 13, 4],
			"to": [13, 15, 12],
			"faces": {
				"north": {"uv": [7, 0.625, 8, 0.875], "texture": "#4"},
				"east": {"uv": [3.75, 7.875, 4.75, 8.125], "texture": "#4"},
				"south": {"uv": [4.75, 7.875, 5.75, 8.125], "texture": "#4"},
				"west": {"uv": [5.75, 7.875, 6.75, 8.125], "texture": "#4"},
				"up": {"uv": [4, 5.5, 3, 4.5], "texture": "#4"},
				"down": {"uv": [5, 4.5, 4, 5.5], "texture": "#4"}
			}
		},
		{
			"from": [3, 2, 2],
			"to": [15, 7, 14],
			"faces": {
				"north": {"uv": [6, 3.5, 7.5, 4.125], "texture": "#4"},
				"east": {"uv": [6, 4.125, 7.5, 4.75], "texture": "#4"},
				"south": {"uv": [6, 4.75, 7.5, 5.375], "texture": "#4"},
				"west": {"uv": [5, 6, 6.5, 6.625], "texture": "#4"},
				"up": {"uv": [1.5, 1.5, 0, 0], "texture": "#4"},
				"down": {"uv": [1.5, 1.5, 0, 3], "texture": "#4"}
			}
		},
		{
			"from": [3, 8, 2],
			"to": [15, 13, 14],
			"faces": {
				"north": {"uv": [6, 5.375, 7.5, 6], "texture": "#4"},
				"east": {"uv": [3, 6.5, 4.5, 7.125], "texture": "#4"},
				"south": {"uv": [6.5, 6, 8, 6.625], "texture": "#4"},
				"west": {"uv": [4.5, 6.625, 6, 7.25], "texture": "#4"},
				"up": {"uv": [3, 1.5, 1.5, 0], "texture": "#4"},
				"down": {"uv": [3, 1.5, 1.5, 3], "texture": "#4"}
			}
		},
		{
			"from": [5, 0, 4],
			"to": [13, 2, 12],
			"faces": {
				"north": {"uv": [6.75, 7.875, 7.75, 8.125], "texture": "#4"},
				"east": {"uv": [7.75, 7.875, 8.75, 8.125], "texture": "#4"},
				"south": {"uv": [8, 0.625, 9, 0.875], "texture": "#4"},
				"west": {"uv": [8, 6, 9, 6.25], "texture": "#4"},
				"up": {"uv": [6, 5, 5, 4], "texture": "#4"},
				"down": {"uv": [6, 5, 5, 6], "texture": "#4"}
			}
		},
		{
			"from": [5, 14, 4],
			"to": [13, 16, 12],
			"faces": {
				"north": {"uv": [8, 6.25, 9, 6.5], "texture": "#4"},
				"east": {"uv": [3.75, 8.125, 4.75, 8.375], "texture": "#4"},
				"south": {"uv": [4.75, 8.125, 5.75, 8.375], "texture": "#4"},
				"west": {"uv": [5.75, 8.125, 6.75, 8.375], "texture": "#4"},
				"up": {"uv": [4, 6.5, 3, 5.5], "texture": "#4"},
				"down": {"uv": [5, 5.5, 4, 6.5], "texture": "#4"}
			}
		},
		{
			"from": [3, 9, 2],
			"to": [15, 14, 14],
			"faces": {
				"north": {"uv": [6, 6.625, 7.5, 7.25], "texture": "#4"},
				"east": {"uv": [6.75, 1, 8.25, 1.625], "texture": "#4"},
				"south": {"uv": [6.75, 1.625, 8.25, 2.25], "texture": "#4"},
				"west": {"uv": [6.75, 2.25, 8.25, 2.875], "texture": "#4"},
				"up": {"uv": [1.5, 4.5, 0, 3], "texture": "#4"},
				"down": {"uv": [4.5, 0, 3, 1.5], "texture": "#4"}
			}
		},
		{
			"from": [5, 15, 4],
			"to": [13, 17, 12],
			"faces": {
				"north": {"uv": [6.75, 8.125, 7.75, 8.375], "texture": "#4"},
				"east": {"uv": [7.75, 8.125, 8.75, 8.375], "texture": "#4"},
				"south": {"uv": [0, 8.25, 1, 8.5], "texture": "#4"},
				"west": {"uv": [8.25, 0.875, 9.25, 1.125], "texture": "#4"},
				"up": {"uv": [6.75, 2.5, 5.75, 1.5], "texture": "#4"},
				"down": {"uv": [6.75, 2.5, 5.75, 3.5], "texture": "#4"}
			}
		},
		{
			"from": [3, 10, 2],
			"to": [15, 15, 14],
			"faces": {
				"north": {"uv": [6.75, 2.875, 8.25, 3.5], "texture": "#4"},
				"east": {"uv": [0, 7, 1.5, 7.625], "texture": "#4"},
				"south": {"uv": [7, 0, 8.5, 0.625], "texture": "#4"},
				"west": {"uv": [1.5, 7, 3, 7.625], "texture": "#4"},
				"up": {"uv": [3, 4.5, 1.5, 3], "texture": "#4"},
				"down": {"uv": [4.5, 1.5, 3, 3], "texture": "#4"}
			}
		},
		{
			"from": [5, 16, 4],
			"to": [13, 18, 12],
			"faces": {
				"north": {"uv": [1, 8.25, 2, 8.5], "texture": "#4"},
				"east": {"uv": [8.25, 1.125, 9.25, 1.375], "texture": "#4"},
				"south": {"uv": [8.25, 1.375, 9.25, 1.625], "texture": "#4"},
				"west": {"uv": [8.25, 1.625, 9.25, 1.875], "texture": "#4"},
				"up": {"uv": [1, 7, 0, 6], "texture": "#4"},
				"down": {"uv": [7, 0, 6, 1], "texture": "#4"}
			}
		},
		{
			"from": [3, 11, 2],
			"to": [15, 16, 14],
			"faces": {
				"north": {"uv": [3, 7.125, 4.5, 7.75], "texture": "#4"},
				"east": {"uv": [4.5, 7.25, 6, 7.875], "texture": "#4"},
				"south": {"uv": [6, 7.25, 7.5, 7.875], "texture": "#4"},
				"west": {"uv": [7.5, 3.5, 9, 4.125], "texture": "#4"},
				"up": {"uv": [4.5, 4.5, 3, 3], "texture": "#4"},
				"down": {"uv": [1.5, 4.5, 0, 6], "texture": "#4"}
			}
		},
		{
			"from": [5, 17, 4],
			"to": [13, 19, 12],
			"faces": {
				"north": {"uv": [8.25, 1.875, 9.25, 2.125], "texture": "#4"},
				"east": {"uv": [8.25, 2.125, 9.25, 2.375], "texture": "#4"},
				"south": {"uv": [8.25, 2.375, 9.25, 2.625], "texture": "#4"},
				"west": {"uv": [8.25, 2.625, 9.25, 2.875], "texture": "#4"},
				"up": {"uv": [2, 7, 1, 6], "texture": "#4"},
				"down": {"uv": [3, 6, 2, 7], "texture": "#4"}
			}
		},
		{
			"from": [3, 12, 2],
			"to": [15, 17, 14],
			"faces": {
				"north": {"uv": [7.5, 4.125, 9, 4.75], "texture": "#4"},
				"east": {"uv": [7.5, 4.75, 9, 5.375], "texture": "#4"},
				"south": {"uv": [7.5, 5.375, 9, 6], "texture": "#4"},
				"west": {"uv": [7.5, 6.625, 9, 7.25], "texture": "#4"},
				"up": {"uv": [6, 1.5, 4.5, 0], "texture": "#4"},
				"down": {"uv": [3, 4.5, 1.5, 6], "texture": "#4"}
			}
		}
	],
	"display": {
		"thirdperson_righthand": {
			"translation": [-0.5, -1.75, -2],
			"scale": [0.5, 0.5, 0.5]
		},
		"thirdperson_lefthand": {
			"translation": [0.5, -1.75, -3],
			"scale": [0.5, 0.5, 0.5]
		},
		"firstperson_righthand": {
			"rotation": [-40, 24, 0],
			"translation": [2.5, 0, -4.25],
			"scale": [0.6, 0.6, 0.6]
		},
		"firstperson_lefthand": {
			"rotation": [-40, 25, 0],
			"translation": [0.75, 0, -3.75],
			"scale": [0.6, 0.6, 0.6]
		},
		"ground": {
			"translation": [-0.75, 4.75, 0]
		},
		"gui": {
			"rotation": [31, 44, 0],
			"translation": [-0.75, 0.25, 0],
			"scale": [0.8, 0.8, 0.8]
		},
		"head": {
			"translation": [-0.75, 0, 0],
			"scale": [1.2, 1.2, 1.2]
		}
	},
	"groups": [
		{
			"name": "gravitybomb",
			"origin": [8, 8, 8],
			"children": [
				{
					"name": "group",
					"origin": [8, 8, 8],
					"children": [0, 1, 2, 3, 4]
				},
				{
					"name": "group",
					"origin": [8, 8, 8],
					"children": [5, 6]
				},
				{
					"name": "group",
					"origin": [8, 8, 8],
					"children": [7, 8]
				},
				{
					"name": "group",
					"origin": [8, 8, 8],
					"children": [9, 10]
				},
				{
					"name": "group",
					"origin": [8, 8, 8],
					"children": [11, 12]
				}
			]
		}
	]
}