{
	"credit": "Made with Blockbench",
	"texture_size": [64, 64],
	"textures": {
		"0": "item/gravitybomb",
		"particle": "item/gravitybomb"
	},
	"elements": [
		{
			"from": [5, 0, 4],
			"to": [13, 2, 12],
			"faces": {
				"north": {"uv": [0, 8.5, 2, 9], "texture": "#0"},
				"east": {"uv": [0, 9, 2, 9.5], "texture": "#0"},
				"south": {"uv": [5.5, 9, 7.5, 9.5], "texture": "#0"},
				"west": {"uv": [7.5, 9, 9.5, 9.5], "texture": "#0"},
				"up": {"uv": [4.5, 8, 2.5, 6], "texture": "#0"},
				"down": {"uv": [8, 2.5, 6, 4.5], "texture": "#0"}
			}
		},
		{
			"from": [4, 7, 3],
			"to": [14, 8, 13],
			"faces": {
				"north": {"uv": [8.5, 6.25, 11, 6.5], "texture": "#0"},
				"east": {"uv": [9.5, 6.5, 12, 6.75], "texture": "#0"},
				"south": {"uv": [9.5, 6.75, 12, 7], "texture": "#0"},
				"west": {"uv": [9.5, 7, 12, 7.25], "texture": "#0"},
				"up": {"uv": [2.5, 8.5, 0, 6], "texture": "#0"},
				"down": {"uv": [8.5, 0, 6, 2.5], "texture": "#0"}
			}
		},
		{
			"from": [5, 13, 4],
			"to": [13, 15, 12],
			"faces": {
				"north": {"uv": [2, 9.25, 4, 9.75], "texture": "#0"},
				"east": {"uv": [0, 9.5, 2, 10], "texture": "#0"},
				"south": {"uv": [4, 9.5, 6, 10], "texture": "#0"},
				"west": {"uv": [6, 9.5, 8, 10], "texture": "#0"},
				"up": {"uv": [6.5, 8, 4.5, 6], "texture": "#0"},
				"down": {"uv": [8.5, 4.5, 6.5, 6.5], "texture": "#0"}
			}
		},
		{
			"from": [3, 2, 2],
			"to": [15, 7, 14],
			"faces": {
				"north": {"uv": [6.5, 6.5, 9.5, 7.75], "texture": "#0"},
				"east": {"uv": [6.5, 7.75, 9.5, 9], "texture": "#0"},
				"south": {"uv": [2.5, 8, 5.5, 9.25], "texture": "#0"},
				"west": {"uv": [8, 2.5, 11, 3.75], "texture": "#0"},
				"up": {"uv": [3, 3, 0, 0], "texture": "#0"},
				"down": {"uv": [3, 3, 0, 6], "texture": "#0"}
			}
		},
		{
			"from": [3, 8, 2],
			"to": [15, 13, 14],
			"faces": {
				"north": {"uv": [8.5, 0, 11.5, 1.25], "texture": "#0"},
				"east": {"uv": [8.5, 1.25, 11.5, 2.5], "texture": "#0"},
				"south": {"uv": [8.5, 3.75, 11.5, 5], "texture": "#0"},
				"west": {"uv": [8.5, 5, 11.5, 6.25], "texture": "#0"},
				"up": {"uv": [6, 3, 3, 0], "texture": "#0"},
				"down": {"uv": [6, 3, 3, 6], "texture": "#0"}
			}
		}
	],
	"display": {
		"thirdperson_righthand": {
			"translation": [-0.5, -1.75, -2],
			"scale": [0.5, 0.5, 0.5]
		},
		"thirdperson_lefthand": {
			"translation": [0.5, -1.75, -3],
			"scale": [0.5, 0.5, 0.5]
		},
		"firstperson_righthand": {
			"rotation": [-40, 24, 0],
			"translation": [2.5, 0, -4.25],
			"scale": [0.6, 0.6, 0.6]
		},
		"firstperson_lefthand": {
			"rotation": [-40, 25, 0],
			"translation": [0.75, 0, -3.75],
			"scale": [0.6, 0.6, 0.6]
		},
		"ground": {
			"translation": [-0.75, 4.75, 0]
		},
		"gui": {
			"rotation": [31, 44, 0],
			"translation": [-0.75, 0.25, 0],
			"scale": [0.8, 0.8, 0.8]
		},
		"head": {
			"scale": [2, 2, 2]
		}
	},
	"groups": [
		{
			"name": "group",
			"origin": [8, 8, 8],
			"children": [0, 1, 2, 3, 4]
		}
	]
}