{
	"credit": "Made with Blockbench",
	"textures": {
		"0": "item/hyperi",
		"particle": "item/hyperi"
	},
	"elements": [
		{
			"name": "hyperi_0",
			"from": [13, 0, 0],
			"to": [16, 1, 3],
			"faces": {
				"north": {"uv": [16, 0, 13, 1], "texture": "#0"},
				"east": {"uv": [15, 0, 16, 3], "rotation": 90, "texture": "#0"},
				"south": {"uv": [13, 2, 16, 3], "texture": "#0"},
				"west": {"uv": [13, 0, 14, 3], "rotation": 270, "texture": "#0"},
				"up": {"uv": [13, 0, 16, 3], "texture": "#0"},
				"down": {"uv": [13, 3, 16, 0], "texture": "#0"}
			}
		},
		{
			"name": "hyperi_1",
			"from": [12, 0, 1],
			"to": [13, 1, 6],
			"faces": {
				"north": {"uv": [13, 1, 12, 2], "texture": "#0"},
				"east": {"uv": [12, 1, 13, 6], "rotation": 90, "texture": "#0"},
				"south": {"uv": [12, 5, 13, 6], "texture": "#0"},
				"west": {"uv": [12, 1, 13, 6], "rotation": 270, "texture": "#0"},
				"up": {"uv": [12, 1, 13, 6], "texture": "#0"},
				"down": {"uv": [12, 6, 13, 1], "texture": "#0"}
			}
		},
		{
			"name": "hyperi_2",
			"from": [11, 0, 2],
			"to": [12, 1, 8],
			"faces": {
				"north": {"uv": [12, 2, 11, 3], "texture": "#0"},
				"east": {"uv": [11, 2, 12, 8], "rotation": 90, "texture": "#0"},
				"south": {"uv": [11, 7, 12, 8], "texture": "#0"},
				"west": {"uv": [11, 2, 12, 8], "rotation": 270, "texture": "#0"},
				"up": {"uv": [11, 2, 12, 8], "texture": "#0"},
				"down": {"uv": [11, 8, 12, 2], "texture": "#0"}
			}
		},
		{
			"name": "hyperi_3",
			"from": [10, 0, 3],
			"to": [11, 1, 9],
			"faces": {
				"north": {"uv": [11, 3, 10, 4], "texture": "#0"},
				"east": {"uv": [10, 3, 11, 9], "rotation": 90, "texture": "#0"},
				"south": {"uv": [10, 8, 11, 9], "texture": "#0"},
				"west": {"uv": [10, 3, 11, 9], "rotation": 270, "texture": "#0"},
				"up": {"uv": [10, 3, 11, 9], "texture": "#0"},
				"down": {"uv": [10, 9, 11, 3], "texture": "#0"}
			}
		},
		{
			"name": "hyperi_4",
			"from": [13, 0, 3],
			"to": [15, 1, 4],
			"faces": {
				"north": {"uv": [15, 3, 13, 4], "texture": "#0"},
				"east": {"uv": [14, 3, 15, 4], "rotation": 90, "texture": "#0"},
				"south": {"uv": [13, 3, 15, 4], "texture": "#0"},
				"west": {"uv": [13, 3, 14, 4], "rotation": 270, "texture": "#0"},
				"up": {"uv": [13, 3, 15, 4], "texture": "#0"},
				"down": {"uv": [13, 4, 15, 3], "texture": "#0"}
			}
		},
		{
			"name": "hyperi_5",
			"from": [8, 0, 4],
			"to": [10, 1, 11],
			"faces": {
				"north": {"uv": [10, 4, 8, 5], "texture": "#0"},
				"east": {"uv": [9, 4, 10, 11], "rotation": 90, "texture": "#0"},
				"south": {"uv": [8, 10, 10, 11], "texture": "#0"},
				"west": {"uv": [8, 4, 9, 11], "rotation": 270, "texture": "#0"},
				"up": {"uv": [8, 4, 10, 11], "texture": "#0"},
				"down": {"uv": [8, 11, 10, 4], "texture": "#0"}
			}
		},
		{
			"name": "hyperi_6",
			"from": [13, 0, 4],
			"to": [14, 1, 5],
			"faces": {
				"north": {"uv": [14, 4, 13, 5], "texture": "#0"},
				"east": {"uv": [13, 4, 14, 5], "rotation": 90, "texture": "#0"},
				"south": {"uv": [13, 4, 14, 5], "texture": "#0"},
				"west": {"uv": [13, 4, 14, 5], "rotation": 270, "texture": "#0"},
				"up": {"uv": [13, 4, 14, 5], "texture": "#0"},
				"down": {"uv": [13, 5, 14, 4], "texture": "#0"}
			}
		},
		{
			"name": "hyperi_7",
			"from": [7, 0, 5],
			"to": [8, 1, 15],
			"faces": {
				"north": {"uv": [8, 5, 7, 6], "texture": "#0"},
				"east": {"uv": [7, 5, 8, 15], "rotation": 90, "texture": "#0"},
				"south": {"uv": [7, 14, 8, 15], "texture": "#0"},
				"west": {"uv": [7, 5, 8, 15], "rotation": 270, "texture": "#0"},
				"up": {"uv": [7, 5, 8, 15], "texture": "#0"},
				"down": {"uv": [7, 15, 8, 5], "texture": "#0"}
			}
		},
		{
			"name": "hyperi_8",
			"from": [5, 0, 6],
			"to": [7, 1, 12],
			"faces": {
				"north": {"uv": [7, 6, 5, 7], "texture": "#0"},
				"east": {"uv": [6, 6, 7, 12], "rotation": 90, "texture": "#0"},
				"south": {"uv": [5, 11, 7, 12], "texture": "#0"},
				"west": {"uv": [5, 6, 6, 12], "rotation": 270, "texture": "#0"},
				"up": {"uv": [5, 6, 7, 12], "texture": "#0"},
				"down": {"uv": [5, 12, 7, 6], "texture": "#0"}
			}
		},
		{
			"name": "hyperi_9",
			"from": [2, 0, 7],
			"to": [5, 1, 10],
			"faces": {
				"north": {"uv": [5, 7, 2, 8], "texture": "#0"},
				"east": {"uv": [4, 7, 5, 10], "rotation": 90, "texture": "#0"},
				"south": {"uv": [2, 9, 5, 10], "texture": "#0"},
				"west": {"uv": [2, 7, 3, 10], "rotation": 270, "texture": "#0"},
				"up": {"uv": [2, 7, 5, 10], "texture": "#0"},
				"down": {"uv": [2, 10, 5, 7], "texture": "#0"}
			}
		},
		{
			"name": "hyperi_10",
			"from": [1, 0, 8],
			"to": [2, 1, 10],
			"faces": {
				"north": {"uv": [2, 8, 1, 9], "texture": "#0"},
				"east": {"uv": [1, 8, 2, 10], "rotation": 90, "texture": "#0"},
				"south": {"uv": [1, 9, 2, 10], "texture": "#0"},
				"west": {"uv": [1, 8, 2, 10], "rotation": 270, "texture": "#0"},
				"up": {"uv": [1, 8, 2, 10], "texture": "#0"},
				"down": {"uv": [1, 10, 2, 8], "texture": "#0"}
			}
		},
		{
			"name": "hyperi_11",
			"from": [4, 0, 10],
			"to": [5, 1, 13],
			"faces": {
				"north": {"uv": [5, 10, 4, 11], "texture": "#0"},
				"east": {"uv": [4, 10, 5, 13], "rotation": 90, "texture": "#0"},
				"south": {"uv": [4, 12, 5, 13], "texture": "#0"},
				"west": {"uv": [4, 10, 5, 13], "rotation": 270, "texture": "#0"},
				"up": {"uv": [4, 10, 5, 13], "texture": "#0"},
				"down": {"uv": [4, 13, 5, 10], "texture": "#0"}
			}
		},
		{
			"name": "hyperi_12",
			"from": [3, 0, 11],
			"to": [4, 1, 14],
			"faces": {
				"north": {"uv": [4, 11, 3, 12], "texture": "#0"},
				"east": {"uv": [3, 11, 4, 14], "rotation": 90, "texture": "#0"},
				"south": {"uv": [3, 13, 4, 14], "texture": "#0"},
				"west": {"uv": [3, 11, 4, 14], "rotation": 270, "texture": "#0"},
				"up": {"uv": [3, 11, 4, 14], "texture": "#0"},
				"down": {"uv": [3, 14, 4, 11], "texture": "#0"}
			}
		},
		{
			"name": "hyperi_13",
			"from": [8, 0, 11],
			"to": [9, 1, 14],
			"faces": {
				"north": {"uv": [9, 11, 8, 12], "texture": "#0"},
				"east": {"uv": [8, 11, 9, 14], "rotation": 90, "texture": "#0"},
				"south": {"uv": [8, 13, 9, 14], "texture": "#0"},
				"west": {"uv": [8, 11, 9, 14], "rotation": 270, "texture": "#0"},
				"up": {"uv": [8, 11, 9, 14], "texture": "#0"},
				"down": {"uv": [8, 14, 9, 11], "texture": "#0"}
			}
		},
		{
			"name": "hyperi_14",
			"from": [2, 0, 12],
			"to": [3, 1, 16],
			"faces": {
				"north": {"uv": [3, 12, 2, 13], "texture": "#0"},
				"east": {"uv": [2, 12, 3, 16], "rotation": 90, "texture": "#0"},
				"south": {"uv": [2, 15, 3, 16], "texture": "#0"},
				"west": {"uv": [2, 12, 3, 16], "rotation": 270, "texture": "#0"},
				"up": {"uv": [2, 12, 3, 16], "texture": "#0"},
				"down": {"uv": [2, 16, 3, 12], "texture": "#0"}
			}
		},
		{
			"name": "hyperi_15",
			"from": [6, 0, 12],
			"to": [7, 1, 15],
			"faces": {
				"north": {"uv": [7, 12, 6, 13], "texture": "#0"},
				"east": {"uv": [6, 12, 7, 15], "rotation": 90, "texture": "#0"},
				"south": {"uv": [6, 14, 7, 15], "texture": "#0"},
				"west": {"uv": [6, 12, 7, 15], "rotation": 270, "texture": "#0"},
				"up": {"uv": [6, 12, 7, 15], "texture": "#0"},
				"down": {"uv": [6, 15, 7, 12], "texture": "#0"}
			}
		},
		{
			"name": "hyperi_16",
			"from": [0, 0, 13],
			"to": [2, 1, 16],
			"faces": {
				"north": {"uv": [2, 13, 0, 14], "texture": "#0"},
				"east": {"uv": [1, 13, 2, 16], "rotation": 90, "texture": "#0"},
				"south": {"uv": [0, 15, 2, 16], "texture": "#0"},
				"west": {"uv": [0, 13, 1, 16], "rotation": 270, "texture": "#0"},
				"up": {"uv": [0, 13, 2, 16], "texture": "#0"},
				"down": {"uv": [0, 16, 2, 13], "texture": "#0"}
			}
		}
	],
	"gui_light": "front",
	"display": {
		"thirdperson_righthand": {
			"rotation": [46, 0, 90],
			"translation": [-7.5, 5.25, 0]
		},
		"thirdperson_lefthand": {
			"rotation": [146, 0, 90],
			"translation": [-7.25, 6, 0.5]
		},
		"firstperson_righthand": {
			"rotation": [59, 0, 89],
			"translation": [-2, 2.75, -1.25],
			"scale": [0.85, 0.85, 0.85]
		},
		"firstperson_lefthand": {
			"rotation": [146, 0, 90],
			"translation": [-2, 4.5, -2.75]
		},
		"ground": {
			"rotation": [90, 0, 0],
			"translation": [0, 8, 6.75]
		},
		"gui": {
			"rotation": [90, 0, 0]
		},
		"head": {
			"rotation": [66, 89, 156],
			"translation": [26.75, -3.75, -45.75],
			"scale": [4, 4, 4]
		},
		"fixed": {
			"rotation": [90, 89, 0],
			"translation": [0, 0, 7.25]
		}
	},
	"groups": [
		{
			"name": "hyperi",
			"origin": [8, 8, 8],
			"children": [
				{
					"name": "group",
					"origin": [0, 0, 0],
					"children": [0, 1, 2, 3, 4, 5, 6, 7, 8, 9, 10, 11, 12, 13, 14, 15, 16]
				}
			]
		}
	]
}