{
	"credit": "Made with Blockbench",
	"texture_size": [64, 64],
	"textures": {
		"0": "item/thruster",
		"particle": "item/thruster"
	},
	"elements": [
		{
			"from": [0, -7, 6],
			"to": [14, 7, 7],
			"faces": {
				"north": {"uv": [0, 0, 3.5, 3.5], "texture": "#0"},
				"east": {"uv": [7.75, 8.5, 8, 12], "texture": "#0"},
				"south": {"uv": [0, 3.5, 3.5, 7], "texture": "#0"},
				"west": {"uv": [8, 8.5, 8.25, 12], "texture": "#0"},
				"up": {"uv": [11.75, 8.75, 8.25, 8.5], "texture": "#0"},
				"down": {"uv": [12, 8.25, 8.5, 8.5], "texture": "#0"}
			}
		},
		{
			"from": [2, -5, 7],
			"to": [12, 5, 21],
			"faces": {
				"north": {"uv": [0, 7, 2.5, 9.5], "texture": "#0"},
				"east": {"uv": [3.5, 0, 7, 2.5], "texture": "#0"},
				"south": {"uv": [7, 0, 9.5, 2.5], "texture": "#0"},
				"west": {"uv": [3.5, 2.5, 7, 5], "texture": "#0"},
				"up": {"uv": [6, 8.5, 3.5, 5], "texture": "#0"},
				"down": {"uv": [8.5, 5, 6, 8.5], "texture": "#0"}
			}
		},
		{
			"from": [13, -7, 3],
			"to": [14, 7, 6],
			"faces": {
				"north": {"uv": [8.25, 8.75, 8.5, 12.25], "texture": "#0"},
				"east": {"uv": [2.5, 7, 3.25, 10.5], "texture": "#0"},
				"south": {"uv": [8.5, 8.75, 8.75, 12.25], "texture": "#0"},
				"west": {"uv": [8.5, 2.5, 9.25, 6], "texture": "#0"},
				"up": {"uv": [7.25, 3.25, 7, 2.5], "texture": "#0"},
				"down": {"uv": [3.5, 7, 3.25, 7.75], "texture": "#0"}
			}
		},
		{
			"from": [0, -7, 3],
			"to": [1, 7, 6],
			"faces": {
				"north": {"uv": [8.75, 8.75, 9, 12.25], "texture": "#0"},
				"east": {"uv": [3.25, 8.5, 4, 12], "texture": "#0"},
				"south": {"uv": [9, 8.75, 9.25, 12.25], "texture": "#0"},
				"west": {"uv": [4, 8.5, 4.75, 12], "texture": "#0"},
				"up": {"uv": [7.25, 4, 7, 3.25], "texture": "#0"},
				"down": {"uv": [7.25, 4, 7, 4.75], "texture": "#0"}
			}
		},
		{
			"from": [1, 6, 3],
			"to": [13, 7, 6],
			"rotation": {"angle": 0, "axis": "z", "origin": [0.5, 0, 4.5]},
			"faces": {
				"north": {"uv": [9.25, 2.5, 12.25, 2.75], "texture": "#0"},
				"east": {"uv": [7, 4.75, 7.75, 5], "texture": "#0"},
				"south": {"uv": [9.25, 2.75, 12.25, 3], "texture": "#0"},
				"west": {"uv": [7.25, 2.5, 8, 2.75], "texture": "#0"},
				"up": {"uv": [7.75, 9.25, 4.75, 8.5], "texture": "#0"},
				"down": {"uv": [11.5, 6, 8.5, 6.75], "texture": "#0"}
			}
		},
		{
			"from": [1, -7, 3],
			"to": [13, -6, 6],
			"rotation": {"angle": 0, "axis": "z", "origin": [0.5, 0, 4.5]},
			"faces": {
				"north": {"uv": [9.25, 3, 12.25, 3.25], "texture": "#0"},
				"east": {"uv": [7.25, 2.75, 8, 3], "texture": "#0"},
				"south": {"uv": [9.25, 3.25, 12.25, 3.5], "texture": "#0"},
				"west": {"uv": [7.25, 3, 8, 3.25], "texture": "#0"},
				"up": {"uv": [11.5, 7.5, 8.5, 6.75], "texture": "#0"},
				"down": {"uv": [11.5, 7.5, 8.5, 8.25], "texture": "#0"}
			}
		}
	],
	"gui_light": "front",
	"display": {
		"thirdperson_righthand": {
			"rotation": [-87, -180, 0],
			"translation": [0.5, 0.75, -4.75],
			"scale": [0.4, 0.4, 0.4]
		},
		"thirdperson_lefthand": {
			"rotation": [97, 0, 0],
			"translation": [-0.5, 0.25, 2],
			"scale": [0.4, 0.4, 0.4]
		},
		"firstperson_righthand": {
			"rotation": [-76, 111, -19],
			"translation": [0, 0, -6.5],
			"scale": [0.4, 0.4, 0.4]
		},
		"firstperson_lefthand": {
			"rotation": [0, 134, 0],
			"translation": [0, 4.5, -8.75],
			"scale": [0.59, 0.58, 0.6]
		},
		"ground": {
			"translation": [0, 15, 0]
		},
		"gui": {
			"rotation": [26, 143, -4],
			"translation": [-2.25, 4, 0],
			"scale": [0.7, 0.7, 0.7]
		},
		"head": {
			"rotation": [0, -180, 0],
			"translation": [-1.75, -11, 23.5],
			"scale": [1.5, 1.5, 1.1]
		},
		"fixed": {
			"translation": [1, 6.75, -11.5]
		}
	},
	"groups": [
		{
			"name": "group",
			"origin": [8, 8, 8],
			"children": [0, 1, 2, 3, 4, 5]
		}
	]
}